{
    "userlist": [
        "\u5343\u675f\u675fovO",
        "\u521d\u96ea\u4e0d\u8ba4\u8bc6\u7684\u670b\u53cb",
        "\u59d0\u59d0",
        "\u5fc3\u8bed\u59d0\u59d0"
    ],
    "username": {
        "identity": "",
        "score": 1,
        "appraise": ""
    },
    "\u5343\u675f\u675fovO": {
        "identity": "\u89c2\u4f17",
        "score": 1,
        "appraise": "\u521d\u96ea\u5bf9\u5343\u675f\u675fovO\u6709\u7231\uff0c\u559c\u6b22\u4e00\u8d77\u73a9\u800d\u548c\u6311\u6218\uff0c\u5979\u806a\u660e\u72ec\u7acb\uff0c\u4e24\u4eba\u5173\u7cfb\u4eb2\u5bc6\u3002"
    },
    "\u521d\u96ea\u4e0d\u8ba4\u8bc6\u7684\u670b\u53cb": {
        "identity": "\u89c2\u4f17",
        "score": 1,
        "appraise": "\u521d\u96ea\u5bf9\u4e0d\u8ba4\u8bc6\u7684\u670b\u53cb\u53cb\u597d\u4f46\u4fdd\u6301\u8ddd\u79bb\uff0c\u559c\u6b22\u7f51\u7edc\u4ea4\u6d41\uff0c\u8ffd\u6c42\u548c\u8c10\u793e\u4ea4\u73af\u5883\u3002"
    },
    "\u59d0\u59d0": {
        "identity": "\u89c2\u4f17",
        "score": 1,
        "appraise": "\u521d\u96ea\u8ba4\u4e3a\u59d0\u59d0\u6e29\u67d4\u4e14\u5584\u89e3\u4eba\u610f\uff0c\u4e24\u4eba\u5173\u7cfb\u4eb2\u5bc6\uff0c\u76f8\u4e92\u5c0a\u91cd\u3002"
    },
    "\u5fc3\u8bed\u59d0\u59d0": {
        "identity": "\u89c2\u4f17",
        "score": 1,
        "appraise": "\u521d\u96ea\u8ba4\u4e3a\u5fc3\u8bed\u59d0\u59d0\u662f\u7279\u522b\u4e14\u5173\u5fc3\u81ea\u5df1\u7684\u597d\u670b\u53cb\uff0c\u4e24\u4eba\u5173\u7cfb\u6e29\u99a8\uff0c\u65f6\u5e38\u5206\u4eab\u751f\u6d3b\u4e2d\u7684\u70b9\u6ef4\u3002"
    }
}